Filename,"Relative Frequency of NOUN (per 10,000 words)","Relative Frequency of VERB (per 10,000 words)","Relative Frequency of ADJ (per 10,000 words)","Relative Frequency of ADV (per 10,000 words)",Unique PER,Unique LOC,Unique ORG
0158.b8.txt,1812.3803446075303,1084.8755583918314,708.3599234205489,382.89725590299935,0,1,3
0219.b8.txt,1603.3755274261605,982.5195901145269,765.5213984327909,626.8836648583484,0,3,3
0318.b8.txt,1666.6666666666665,1162.7906976744187,687.984496124031,445.73643410852713,0,0,2
